{"alarm clock": [0.7802516222207303, 0.21156998369403035, 0.5704979898881705], "armchair": [0.1963297302739786, 0.6913409041705091, 0.7925949548554457], "backpack": [0.29391841487947423, 0.8127270357779128, 0.551994144817296], "bag": [0.08335861968257807, 0.5728238879051861, 0.06578424341016209], "ball": [0.06176910662314783, 0.8809738058185355, 0.07521215571351791], "bar": [0.8375262389825086, 0.0927254822861523, 0.5676822003255616], "basket": [0.21871870111999692, 0.4161957311831317, 0.956494656513292], "bathroom cabinet": [0.940927133743644, 0.10068798157528436, 0.8421535212215324], "bathroom counter": [0.3254126418760659, 0.6858168311986459, 0.26402321569254905], "bathroom stall": [0.4379025384513381, 0.7423366602486685, 0.9919554566273497], "bathroom stall door": [0.26254140560168415, 0.7242797117875904, 0.1756504707000318], "bathroom vanity": [0.7106972494502468, 0.28406438002435763, 0.528133481622788], "bathtub": [0.0033057856321154766, 0.34993883518780244, 0.5564244193573562], "bed": [0.4863558121266076, 0.3674768490407738, 0.6816693640026303], "bench": [0.09240033887192756, 0.05359695368689521, 0.24198917165039646], "bicycle": [0.1604755820279138, 0.7468833061635437, 0.9605819398997489], "bin": [0.7079304065635424, 0.3710092673893064, 0.39973981042450435], "blackboard": [0.4110960231048132, 0.07388104019015307, 0.7375584687001248], "blanket": [0.6448023992506549, 0.4030192423926543, 0.8693989707040708], "blinds": [0.7963222905303116, 0.6627279271287395, 0.8099179837211015], "board": [0.9617549185532467, 0.054213989848313715, 0.023337189391704927], "book": [0.8367958689318076, 0.34523589323035997, 0.9263135477166584], "bookshelf": [0.14027946123882462, 0.5744811321809219, 0.09135126474581234], "bottle": [0.8821515078223557, 0.7520186876899995, 0.352944396045651], "bowl": [0.012153702128043009, 0.497352710374507, 0.2822530289752764], "box": [0.9119904578246604, 0.4138029162025063, 0.8027164738792666], "broom": [0.1458485800550915, 0.12002128493268915, 0.7955912112339769], "bucket": [0.08158506304469149, 0.13841206819185148, 0.9894037977284728], "bulletin board": [0.6002090129567675, 0.050963967481775785, 0.40270922576456925], "cabinet": [0.07008700904779719, 0.7008809628259026, 0.16986508758860075], "calendar": [0.664737229561472, 0.14281470764808368, 0.47294234271778535], "candle": [0.6591787911835502, 0.6797625403540131, 0.6202531028786292], "cart": [0.6175075119761921, 0.5068674860223268, 0.1452070572652393], "case of water bottles": [0.7386565023952615, 0.34991057455699837, 0.641358740010665], "cd case": [0.4319409657160188, 0.9490871086624904, 0.9729666388776643], "ceiling": [0.31059202427756927, 0.23561996408274244, 0.8385303377443427], "ceiling light": [0.11422576589399058, 0.621536619965915, 0.37342084699566847], "chair": [0.6651416611822665, 0.48542990086529414, 0.44498138253440267], "clock": [0.8457748542576295, 0.5771911237112095, 0.9530576095923924], "closet": [0.004753120788266507, 0.7628206931687092, 0.34501343841818943], "closet door": [0.5121317558302777, 0.2558176647422795, 0.45942042729591903], "closet rod": [0.6398131702501195, 0.996276539306015, 0.9400971579052116], "closet wall": [0.46030563903013877, 0.7047781716963356, 0.3612462300191014], "clothes": [0.4436272646686946, 0.04233366407023431, 0.33460535658618484], "clothes dryer": [0.17950821690177043, 0.46601753372436483, 0.0460362706685602], "coat rack": [0.12782552216271104, 0.4656522204537258, 0.7840520869903853], "coffee kettle": [0.2140900929501518, 0.5304667384762876, 0.01147300845264898], "coffee maker": [0.11267756932536754, 0.15163675512965613, 0.8176754600675348], "coffee table": [0.7629066437922343, 0.10956385636837818, 0.855306581111407], "column": [0.39060808361880317, 0.1850413842334372, 0.9623038502383269], "computer tower": [0.09348393100054853, 0.2711058803869194, 0.5479577639148858], "container": [0.7905847112867049, 0.769516380219704, 0.4715006928113902], "copier": [0.13728514452013585, 0.2770504561189382, 0.5900973511018812], "couch": [0.908258291335583, 0.0010794343923857808, 0.14990611230426065], "counter": [0.7046422680330148, 0.1359615151285044, 0.6710545809921407], "crate": [0.1324147849332893, 0.9334534650533829, 0.7239270553332295], "cup": [0.3260836330302952, 0.9105445507927156, 0.7264747623773367], "curtain": [0.8486882660661479, 0.5075009923903798, 0.23812110256667962], "cushion": [0.9232135242559508, 0.7609379525655868, 0.40246524401104766], "decoration": [0.6285272386202359, 0.5636301408445586, 0.06714380624000016], "desk": [0.4133277653913364, 0.6773162306367481, 0.15666313370399876], "dining table": [0.3062956264164437, 0.27987819212240783, 0.5419496968408997], "dish rack": [0.6067901622234176, 0.16253015267725457, 0.23108109291862766], "dishwasher": [0.7378581507761214, 0.9766045412613038, 0.08205139401063166], "divider": [0.46702604656711943, 0.7115466990558112, 0.22891139996141896], "door": [0.21488395841820285, 0.9854040136514385, 0.22552119223697598], "doorframe": [0.5243635068624166, 0.9883116673059094, 0.3604324096802173], "dresser": [0.4420756824486918, 0.63211690720207, 0.6143657616038686], "dumbbell": [0.08559103390090705, 0.6116830816018223, 0.43641448515705006], "dustpan": [0.8731844204340632, 0.55102800107565, 0.9616416324768023], "end table": [0.12758655476364855, 0.8153387319647246, 0.20726502785015932], "fan": [0.9628809212080686, 0.9151534502233052, 0.49851996926890485], "file cabinet": [0.4616013754264511, 0.9030945903572717, 0.23830837091405066], "fire alarm": [0.07684472834289946, 0.23277502018747986, 0.975106825120961], "fire extinguisher": [0.4387696707886707, 0.9094317868850471, 0.9184709539079492], "fireplace": [0.8928145371851881, 0.022965012712424904, 0.18991247553609358], "floor": [0.9908793064821784, 0.5671871791833365, 0.9807592339119183], "folded chair": [0.8555926610240844, 0.8957333938857693, 0.5508919309159622], "furniture": [0.16936259753697336, 0.5149520087847663, 0.19208760224667987], "guitar": [0.3478136940618999, 0.8881914593075936, 0.020166365642225403], "guitar case": [0.4710421629320891, 0.16166522992022292, 0.9493614949885287], "hair dryer": [0.9821673531780974, 0.4214522997391128, 0.6407326594179464], "handicap bar": [0.9291674542664929, 0.5368974641621763, 0.12281698925375895], "hat": [0.7072936280341994, 0.11113122721418178, 0.56167866440684], "headphones": [0.28422119433802884, 0.2565199264074288, 0.5535585303016534], "ironing board": [0.009910772682434232, 0.7380641698439504, 0.012709045051591317], "jacket": [0.9282328917151894, 0.9439797624653149, 0.6304909408409906], "keyboard": [0.6299791654913444, 0.746546320074334, 0.5467468320100183], "keyboard piano": [0.8552445780572345, 0.0472897193900782, 0.335323276602143], "kitchen cabinet": [0.031894122250402224, 0.636013141466299, 0.41780788217044795], "kitchen counter": [0.4590095005636965, 0.5700653683905792, 0.28973661932828076], "ladder": [0.23306640381489974, 0.32952210228460177, 0.897324060596257], "lamp": [0.6445912666738025, 0.420054993579297, 0.1805005374910703], "laptop": [0.18363337325099516, 0.8876608730018012, 0.3600925506781947], "laundry basket": [0.2487048942882838, 0.9211799548068951, 0.5184552748668259], "laundry detergent": [0.3644281090206105, 0.10806950962562167, 0.02990303477977796], "laundry hamper": [0.3827296973644081, 0.41778551992978064, 0.07543067346934929], "ledge": [0.32158728547375726, 0.4782508555959488, 0.9623974317975208], "light": [0.2943107206535007, 0.18092519877510305, 0.46851113737050853], "light switch": [0.6396247822277388, 0.730650730231654, 0.35022301699954517], "luggage": [0.2515051676642869, 0.6407736344980657, 0.11027798220341711], "machine": [0.13387957579032816, 0.4106523235553272, 0.7096244068693596], "mailbox": [0.3436974363250135, 0.835490333447234, 0.8414429212868082], "mat": [0.5908213524602053, 0.7171011892448509, 0.30825027503847824], "mattress": [0.12990313675135612, 0.8342135382468187, 0.2512554892626462], "microwave": [0.18769827970869102, 0.08983660054966425, 0.24200204042239992],